rseed,MAE,ln_MAE,log10_MAE
314,0.0100706812457693,-1.9969411499755525,-1.9969411499755556
315,0.0247222064917462,-1.606912770459228,-1.6069127704592283
316,0.0228922326792798,-1.640311848522266,-1.6403118485222663
317,0.0645216225633219,-1.1902947196861011,-1.1902947196861018
318,0.1023751928225372,-0.9898052672419276,-0.9898052672419277
319,0.0363958943821473,-1.43894760392628,-1.4389476039262807
320,0.0458008335379929,-1.3391266181171635,-1.3391266181171637
321,0.0972944655529425,-1.0119118632072714,-1.0119118632072714
322,0.0254914900183629,-1.5936047785817178,-1.5936047785817187
323,0.0276403334812337,-1.5584567214937166,-1.5584567214937173
324,0.0359542781153097,-1.4442494265236487,-1.4442494265236494
325,0.232807082108287,-0.6330038123650771,-0.6330038123650773
326,0.113816311129267,-0.9437954943046172,-0.9437954943046173
327,0.0305841262346002,-1.5145039224544616,-1.5145039224544627
328,0.0811627979400134,-1.090642989867331,-1.0906429898673315
329,0.0716396857903041,-1.144846327622508,-1.1448463276225085
330,0.0223649197595789,-1.6504326556417648,-1.6504326556417657
331,0.0523862585639295,-1.2807826178349937,-1.2807826178349937
332,0.0134986689026033,-1.8697090549683857,-1.8697090549683888
333,0.0719833313245693,-1.1427680584555495,-1.1427680584555497
334,0.0240200994069923,-1.6194251996050977,-1.6194251996050992
335,0.0305113736279167,-1.5155382398962478,-1.515538239896249
336,0.0205305330716658,-1.687599774103477,-1.6875997741034787
337,0.0645781834099553,-1.189914175889445,-1.1899141758894456
338,0.0276937196854699,-1.557618708018231,-1.557618708018232
339,0.0862131700463205,-1.0644263856654486,-1.064426385665449
340,0.0848212441052031,-1.0714953618685024,-1.0714953618685028
341,0.0377869443413757,-1.422658226086006,-1.4226582260860061
342,0.0384005305010797,-1.4156627758381946,-1.4156627758381954
343,0.0793716802647412,-1.1003344257674248,-1.1003344257674252
344,0.0764061359549895,-1.1168717630946154,-1.1168717630946157
345,0.1031210913030639,-0.986652499607418,-0.9866524996074181
346,0.0836842782521873,-1.07735612515675,-1.0773561251567503
347,0.0800595127639306,-1.0965870573058605,-1.0965870573058603
348,0.0802400148913001,-1.0956089993893223,-1.0956089993893225
349,0.0466931339475709,-1.3307469761343054,-1.3307469761343058
350,0.0731096381118443,-1.136025365820932,-1.1360253658209323
351,0.0755589416041297,-1.1217141341105197,-1.1217141341105197
352,0.0507543018051679,-1.2945271421621316,-1.2945271421621318
353,0.0943754026445193,-1.025141182478836,-1.0251411824788361
354,0.1107636383612834,-0.9556027869976402,-0.9556027869976405
355,0.0287447551096463,-1.5414413869652075,-1.5414413869652084
356,0.0891331078540076,-1.0499609504236609,-1.049960950423661
357,0.0924306762513868,-1.0341838695191548,-1.034183869519155
358,0.1161952925235136,-0.934811466373181,-0.9348114663731811
359,0.1055079536565038,-0.976714800092073,-0.976714800092073
360,0.1694486849775289,-0.7709617971967346,-0.7709617971967347
361,0.0300027634064666,-1.522838742716707,-1.5228387427167083
362,0.0288197922719231,-1.540309153830241,-1.5403091538302411
363,0.0863614105388553,-1.0636802729584802,-1.0636802729584804
364,0.0101597849835792,-1.9931154831380404,-1.9931154831380435
365,0.0249487328455209,-1.6029515074423213,-1.602951507442322
366,0.0184674608915773,-1.733592812008622,-1.7335928120086224
367,0.0769954070574902,-1.1135351806597298,-1.1135351806597298
368,0.0754039136043918,-1.1226061128479543,-1.1226061128479545
369,0.0407130028845834,-1.3902668640144018,-1.390266864014402
370,0.048671098186455,-1.3127288544769202,-1.3127288544769207
371,0.018355796415779,-1.7362267677127283,-1.7362267677127285
372,0.0347928886360737,-1.4585095129992296,-1.45850951299923
373,0.0429198882544542,-1.367341417426895,-1.367341417426895
374,0.088455781897723,-1.053273774238631,-1.0532737742386313
375,0.0400263031431778,-1.3976545197789725,-1.3976545197789731
376,0.0565089111675863,-1.2478830607513796,-1.2478830607513798
377,0.0418394960255569,-1.3784135553701764,-1.3784135553701766
378,0.0585894191665097,-1.232180807403476,-1.2321808074034766
379,0.0809725357282454,-1.0916622601860777,-1.091662260186078
380,0.0302772571187374,-1.5188834710528332,-1.5188834710528345
381,0.0900630018458799,-1.0454535818748103,-1.0454535818748107
382,0.041960891811353,-1.3771552901487925,-1.377155290148793
383,0.0655143988079105,-1.1836632399228582,-1.1836632399228586
384,0.0832735215230017,-1.079493069235428,-1.0794930692354283
385,0.0461751461424798,-1.3355917213609831,-1.3355917213609834
386,0.0298539385683604,-1.5249983651822066,-1.524998365182207
387,0.1203465603442077,-0.9195663178931284,-0.9195663178931284
388,0.0774463136010391,-1.110999249574615,-1.1109992495746155
389,0.0859030412003397,-1.0659914606955785,-1.0659914606955785
390,0.0616081194955202,-1.2103620472556542,-1.2103620472556549
391,0.0186150662149842,-1.7301354146295205,-1.7301354146295205
392,0.08554521387817,-1.0678042835448125,-1.0678042835448125
393,0.0765036667779846,-1.1163177488557734,-1.1163177488557736
394,0.1024763831571017,-0.9893762111579064,-0.9893762111579066
395,0.0293974951487382,-1.5316896726295153,-1.5316896726295164
396,0.0755522273842553,-1.1217527275336685,-1.1217527275336687
397,0.0931974199587927,-1.0305961103195054,-1.0305961103195056
398,0.0792689027140365,-1.1008971535202032,-1.1008971535202037
399,0.0863629458024697,-1.0636725524895183,-1.0636725524895188
400,0.1129636418022144,-0.9470613149722374,-0.9470613149722377
401,0.0686992159174495,-1.1630482196313994,-1.1630482196313996
402,0.0399556232844152,-1.3984220902040354,-1.3984220902040354
403,0.07957202128962,-1.099239609844176,-1.0992396098441761
404,0.0959103220084751,-1.018134650909712,-1.018134650909712
405,0.0299992389954281,-1.5228897620896102,-1.5228897620896116
406,0.0908744280450617,-1.0415583095321388,-1.0415583095321388
407,0.0266163528779792,-1.5748514542513747,-1.5748514542513756
408,0.1029659704473431,-0.9873062829533296,-0.9873062829533299
409,0.0579654768443977,-1.2368305871255032,-1.2368305871255036
410,0.0397346287635594,-1.4008308401956164,-1.4008308401956164
411,0.3258116326709729,-0.4870334138438854,-0.48703341384388543
412,0.0551052301549706,-1.2588071793760405,-1.2588071793760407
413,0.0634270485404017,-1.1977254972173836,-1.197725497217384
414,0.011920876939828,-1.9236917952568864,-1.9236917952568888
415,0.0883655998169874,-1.0537167702501558,-1.0537167702501558
416,0.0798609517027358,-1.097665518624729,-1.097665518624729
417,0.0442137250756006,-1.354442893562213,-1.3544428935622133
418,0.0740830730471388,-1.1302810109409416,-1.130281010940942
419,0.0742465695770114,-1.129323607306252,-1.1293236073062523
428,0.0610821183469815,-1.2140859098858856,-1.214085909885886
429,0.0088548290479802,-2.0528198189160864,-2.0528198189160904
430,0.0416001761440953,-1.3809048304730964,-1.3809048304730973
431,0.0701748565573214,-1.1538184664231628,-1.1538184664231628
432,0.1462207014743873,-0.8349911369565611,-0.8349911369565614
433,0.0141893818895756,-1.8480365226393052,-1.8480365226393056
434,0.0681484864007095,-1.166543785539059,-1.1665437855390592
435,0.0280348819937515,-1.5523012676222152,-1.5523012676222163
436,0.0810063907887913,-1.0914807172346603,-1.0914807172346603
437,0.085773153814981,-1.0666486209441306,-1.0666486209441308
438,0.0779573897036914,-1.1081427110662412,-1.1081427110662414
439,0.0957397490740485,-1.01890771510244,-1.01890771510244
440,0.0158003193307466,-1.8013341356924284,-1.8013341356924308
441,0.0182939546726894,-1.7376924013100783,-1.7376924013100803
442,0.0886957845614099,-1.0520970203624398,-1.05209702036244
443,0.0921865882840772,-1.0353322574484796,-1.0353322574484798
444,0.0872245333119322,-1.059361345532415,-1.0593613455324147
445,0.0875111049173258,-1.057936832711362,-1.0579368327113625
446,0.0816196488668454,-1.088205277922457,-1.0882052779224571
447,0.0155383683566438,-1.808594587266736,-1.8085945872667366
448,0.0857349940562183,-1.0668418779192723,-1.0668418779192725
449,0.0790607546500665,-1.1020390445491388,-1.1020390445491388
450,0.0581128105364612,-1.2357281200704406,-1.2357281200704406
451,0.0694120787388321,-1.158564949239972,-1.1585649492399723
452,0.1022720755539652,-0.99024293020098,-0.99024293020098
453,0.0503774234446206,-1.29776404827892,-1.2977640482789208
454,0.0221666748823211,-1.654299448453577,-1.6542994484535778
455,0.0836712631391939,-1.0774236746590704,-1.0774236746590709
456,0.0837398745300503,-1.0770676941606658,-1.0770676941606663
457,0.0520201445028306,-1.2838284457446287,-1.2838284457446292
458,0.1484218186678309,-0.8285022511424344,-0.8285022511424345
459,0.0125217128068712,-1.90233626124579,-1.9023362612457917
460,0.0848412815589287,-1.0713927799271952,-1.0713927799271952
461,0.0722791348528939,-1.1409870543798224,-1.1409870543798226
462,0.0639911831794602,-1.1938798597705838,-1.193879859770584
463,0.061877916944359,-1.2084643147980971,-1.2084643147980971
464,0.0239939691534942,-1.6198979038089103,-1.6198979038089107
465,0.0229628897690824,-1.6389734589659355,-1.6389734589659362
466,0.0248380553303952,-1.6048824097973708,-1.6048824097973724
467,0.0170972079726662,-1.7670748054596912,-1.7670748054596932
468,0.0793963128738295,-1.1001996655292146,-1.100199665529215
469,0.0780135921458476,-1.1078297244931632,-1.1078297244931632
470,0.02147399614938,-1.6680871291020694,-1.66808712910207
471,0.0352117045216622,-1.4533129511742175,-1.453312951174218
472,0.0751492409767575,-1.1240754015211258,-1.1240754015211258
473,0.1020423229513491,-0.9912196634151522,-0.9912196634151524
474,0.1010321691732876,-0.9955403225539216,-0.9955403225539218
475,0.0238513339081256,-1.6224873276201426,-1.6224873276201432
476,0.0733727317480656,-1.1344653113596626,-1.1344653113596626
477,0.075885362518197,-1.1198419868269618,-1.119841986826962
478,0.0251990097272779,-1.5986165258227865,-1.598616525822787
479,0.0281533866968856,-1.550469354443194,-1.550469354443194
480,0.0125865536723237,-1.900093167905064,-1.9000931679050643
481,0.0358499520711721,-1.445511420616526,-1.445511420616527
482,0.0775154125714477,-1.110611937116451,-1.1106119371164511
483,0.0904491580578502,-1.0435954713971087,-1.043595471397109
484,0.0329201530774818,-1.4825381540019578,-1.4825381540019584
485,0.0529123024311679,-1.2764433401236737,-1.2764433401236743
486,0.0799786204989592,-1.0970260910109069,-1.0970260910109069
487,0.0723830443415407,-1.1403631549536,-1.1403631549536006
488,0.019353233251526,-1.7132464690949527,-1.713246469094954
489,0.0764176720552348,-1.116806196547702,-1.1168061965477019
490,0.0187492285793255,-1.727016596236751,-1.7270165962367527
491,0.0348455645690744,-1.457852494632464,-1.457852494632464
492,0.0856809972872586,-1.06711548715948,-1.06711548715948
493,0.0202634094116934,-1.6932874807866138,-1.693287480786614
494,0.0761353109002715,-1.1184138744726282,-1.1184138744726286
495,0.0624627603593793,-1.204378827304712,-1.2043788273047127
496,0.0815832650658311,-1.0883989176546431,-1.0883989176546434
497,0.0701072526838858,-1.154237051396258,-1.1542370513962579
498,0.0751587228102651,-1.1240206085763955,-1.1240206085763957
499,0.0738458758900255,-1.1316737539501007,-1.1316737539501007
500,0.0340907415375619,-1.4673635519489114,-1.4673635519489123
501,0.0819521252704467,-1.086439779356942,-1.0864397793569425
502,0.0434771720023907,-1.3617387126009142,-1.3617387126009144
503,0.0667322698225001,-1.1756641028635766,-1.1756641028635768
504,0.0658391661672823,-1.181515677966522,-1.1815156779665223
505,0.0167042301038182,-1.7771735361508771,-1.7771735361508796
506,0.0222877045075336,-1.651934658798715,-1.651934658798715
507,0.0915529458334538,-1.038327677155503,-1.038327677155503
508,0.062479363391163,-1.2042634041805886,-1.2042634041805889
509,0.0172172021144572,-1.7640374222771051,-1.7640374222771058
510,0.0897497229124218,-1.0469668835606956,-1.046966883560696
511,0.0130591003247817,-1.8840867417011804,-1.884086741701182
512,0.0585800244112495,-1.2322504516768036,-1.232250451676804
513,0.0727357526626138,-1.138252062767769,-1.1382520627677695
514,0.0160272191659974,-1.795141824222811,-1.7951418242228114
515,0.0677619702921153,-1.1690139746585622,-1.1690139746585622
516,0.0446165213202162,-1.3505042939878398,-1.3505042939878402
517,0.0845746917770172,-1.0727595762746494,-1.0727595762746498
518,0.0665487635361568,-1.1768600092263115,-1.1768600092263117
519,0.0737791629713943,-1.1320662761757194,-1.1320662761757199
520,0.0803252381824243,-1.0951479779935722,-1.0951479779935722
521,0.0823908513382761,-1.0841210095879288,-1.084121009587929
522,0.1493074950146098,-0.8259183907894669,-0.825918390789467
523,0.0547574677054753,-1.2615566443029824,-1.2615566443029824
524,0.0107134163283145,-1.970072017875152,-1.9700720178751556
525,0.01773092588862,-1.7512685854470502,-1.7512685854470504
526,0.0882161074758336,-1.0544521093218615,-1.054452109321862
527,0.018058150357217,-1.7433267352402322,-1.7433267352402335
528,0.1040390193116649,-0.9828037501856968,-0.9828037501856971
529,0.0874751897314491,-1.058115106870411,-1.0581151068704113
530,0.0467956834154962,-1.3297942057996095,-1.3297942057996102
531,0.0643179063240705,-1.1916681011797263,-1.1916681011797268
532,0.0872178937551065,-1.0593944054128752,-1.0593944054128757
533,0.0683947768975282,-1.164977062771021,-1.164977062771021
534,0.0187300155927334,-1.7274618610745611,-1.7274618610745622
535,0.0758968621425717,-1.1197761790760132,-1.1197761790760135
536,0.0617241280091048,-1.2095450367303195,-1.20954503673032
537,0.0697102969144133,-1.1567030674856034,-1.1567030674856034
538,0.0233940047142694,-1.6308954269110163,-1.6308954269110165
539,0.0420598718241714,-1.3761320551432754,-1.3761320551432759
540,0.2204279613894246,-0.6567333158688095,-0.6567333158688096
541,0.0704668059982072,-1.15201541303218,-1.1520154130321805
542,0.0273884593178022,-1.562432397413662,-1.5624323974136627
543,0.069857726602736,-1.155785551821076,-1.1557855518210762
544,0.0764404624184487,-1.1166766943907929,-1.1166766943907929
545,0.0096296655608307,-2.016388795700794,-2.016388795700794
546,0.0349436271257543,-1.4566320175287328,-1.456632017528733
547,0.092641917439804,-1.033192464789906,-1.0331924647899062
548,0.0785739905432355,-1.1047211897480993,-1.1047211897481
549,0.2082763284717514,-0.6813600867410767,-0.6813600867410768
550,0.0241537396960848,-1.6170156183850946,-1.617015618385095
551,0.0242030218736919,-1.6161304066998556,-1.6161304066998559
552,0.0731479598439939,-1.1357977821955614,-1.1357977821955614
553,0.0221592034349825,-1.6544458554061254,-1.6544458554061254
554,0.0817213947223773,-1.0876642299609878,-1.0876642299609878
555,0.0197831113662632,-1.703705404198108,-1.70370540419811
556,0.0222039629085415,-1.6535695068233869,-1.6535695068233875
557,0.0365802963437539,-1.4367527805453386,-1.4367527805453386
558,0.0155777891457835,-1.8074941788789884,-1.8074941788789904
559,0.0817115419253815,-1.0877165941350584,-1.0877165941350588
560,0.0234615991066419,-1.629642390365308,-1.6296423903653081
561,0.0232909845173455,-1.6328121533110214,-1.6328121533110216
562,0.0272491544087055,-1.5646469701334331,-1.5646469701334336
563,0.0455010383906718,-1.341978692085899,-1.3419786920858994
564,0.0824990763852467,-1.083550913547482,-1.0835509135474823
565,0.0622716879497727,-1.2057093620393742,-1.2057093620393744
566,0.027913708216844,-1.5541824655129064,-1.554182465512907
567,0.0883465926772042,-1.0538101955632586,-1.0538101955632588
568,0.0164568068809048,-1.7836544272361738,-1.783654427236176
569,0.0743047746694083,-1.1289832784877083,-1.1289832784877085
570,0.0972230831334646,-1.0122306107185894,-1.0122306107185897
571,0.0682097889827126,-1.166153294022367,-1.166153294022367
572,0.0501563031398167,-1.2996744814505772,-1.2996744814505778
573,0.0136294246250275,-1.865522477800686,-1.8655224778006878
574,0.0714977925530558,-1.145707366546138,-1.1457073665461381
575,0.0894667175439345,-1.0483384962512805,-1.0483384962512803
576,0.0502439133702038,-1.2989165418644817,-1.2989165418644824
577,0.0290891024925973,-1.5362696781522367,-1.536269678152237
578,0.0508493338149173,-1.2937147324639608,-1.2937147324639613
579,0.0295507842564687,-1.529430988767933,-1.529430988767934
580,0.0833161109387388,-1.0792710104149392,-1.0792710104149392
581,0.0828047896341338,-1.081944541820022,-1.0819445418200222
582,0.0709577231808973,-1.149000328151476,-1.1490003281514765
583,0.0923911130884213,-1.0343698006659785,-1.0343698006659787
584,0.0731478851020262,-1.1357982259542223,-1.1357982259542225
585,0.0296498046396068,-1.5279781638248533,-1.527978163824854
586,0.0783333812828817,-1.1060531266068463,-1.1060531266068467
587,0.07005870638999,-1.1545378860431026,-1.1545378860431028
588,2.175993034203949,0.3376575007634452,0.3376575007634451
589,0.0434861360331856,-1.361649179918417,-1.3616491799184172
590,0.095912546854086,-1.018124576634651,-1.0181245766346512
591,0.0803237638595246,-1.0951559492886531,-1.0951559492886536
592,0.0581137736640632,-1.2357209223883296,-1.2357209223883303
593,0.0380551180410851,-1.4195869266062455,-1.4195869266062462
594,0.0684400109059425,-1.164689929925936,-1.1646899299259363
595,0.0913145078608725,-1.0394602171713436,-1.039460217171344
596,0.0258443500580101,-1.5876343851356405,-1.5876343851356403
597,0.0786643518200758,-1.104222031493952,-1.1042220314939521
598,0.0320849740280053,-1.4936983079233137,-1.4936983079233144
599,0.0750006556250079,-1.1249349401672517,-1.1249349401672517
600,0.0824436662239543,-1.0838427036294855,-1.0838427036294858
601,0.0231156832584236,-1.636093265064853,-1.6360932650648545
602,0.0359933448745641,-1.4437777923283155,-1.4437777923283164
603,0.1116039214978165,-0.9523205450495064,-0.9523205450495067
604,0.0742138554262857,-1.1295150061301469,-1.129515006130147
605,0.0162245390269643,-1.789827633565477,-1.7898276335654795
